Workbook

Sheet MODULE
A1: MOD | B1: COURSE PRESENTATION
A2: =ROW()-2 -> 0 | B2: Start Here
A3: =ROW()-2 -> 1 | B3: Introduction to Machine Learning
A4: =ROW()-2 -> 2 | B4: Machine Learning Tools
A5: =ROW()-2 -> 3 | B5: Machine Learning Workflow & Types of Learning
A6: =ROW()-2 -> 4 | B6: Working with Data & EDA
A7: =ROW()-2 -> 5 | B7: Data Preparation & Feature Engineering
A8: =ROW()-2 -> 6 | B8: Regression and Classification
A9: =ROW()-2 -> 7 | B9: Evaluating Machine Learning Models
A10: =ROW()-2 -> 8 | B10: Overfitting, Underfitting, and Regularization
A11: =ROW()-2 -> 9 | B11: Decision Trees and Ensemble Methods
A12: =ROW()-2 -> 10 | B12: Unsupervised Learning Clustering & Dimensionality Reduction
A13: =ROW()-2 -> 11 | B13: Hyperparameter Tuning & AutoML
... A18: =ROW()-2 -> 16 | B18: Final Exam or Project & Presentation

Sheet LAB
A1: NO. | B1: TAG | C1: DESCRIPTION | D1: TYPE | E1: DUE | F1: STATUS | G1: SCORE
A2: =ROW()-1 -> 1 | B2: A01 | C2: Start Here | D2: Assignment | G2: 95
A3: =ROW()-1 -> 2 | B3: L02 | C3: Tools of Trade | D3: AI Laboratories | E3: 46186 | F3: Graded | G3: 100
A4: =ROW()-1 -> 3 | B4: L03 | C4: Machine Learning Tools | D4: AI Laboratories | E4: 46186 | F4: Graded | G4: 100
A5: =ROW()-1 -> 4 | B5: L04 | C5: Explaratory Data Analysis | D5: AI Laboratories | E5: 46186 | F5: Graded | G5: 100
A6: =ROW()-1 -> 5 | B6: L05 | C6: Data Preparation | D6: AI Laboratories | E6: 46193 | F6: ReSubmitted | G6: 94.2
A7: =ROW()-1 -> 6 | B7: L06 | C7: Regression and Classification | D7: AI Laboratories | E7: 46200 | F7: Submitted | G7: 100
A8: =ROW()-1 -> 7 | B8: L07 | C8: Model Evaluation | D8: AI Laboratories | E8: 46200 | F8: Submitted | G8: 105
A9: =ROW()-1 -> 8 | B9: MP | C9: Midterm Project: Data Storytelling | D9: Term Project MidTerm | E9: 46208 | F9: Submitted | G9: 100
A10: =ROW()-1 -> 9 | B10: IP | C10: Individual Portfolio | D10: Individual Portfolio | E10: 46238 | F10: Study | G10: 100
A11: =ROW()-1 -> 10 | B11: FP | C11: Final Project | D11: Final Project | G11: 100
A12: =ROW()-1 -> 11 | B12: BON | C12: Particpation Attendance | D12: Bonus | G12: 100
A13: =ROW()-1 -> 12 | B13: BON | C13: Bonus Student Intro | D13: Bonus | G13: 100

Sheet SUMMARY
A1: NO | B1: GROUP | C1: % | D1: SCORE | E1: COUNT | F1: SCORE | G1: RESULT | H1: GRADE
A2: =ROW()-1 -> 1 | B2: Assignment | C2: 0.15 | D2: =SUMIF(LAB!$D$2:$D$98,B2, LAB!$G$2:$G$98) -> 95 | E2: =COUNTIF(LAB!$D$2:$D$98,B2) -> 1 | F2: =IF(E2>0,D2/E2,0) -> 95 | G2: =C2*F2 -> 14.25 | H2: =IF(F2>=90,"A",IF(F2>=80,"B",IF(F2>=70,"C",IF(F2>=60,"D","F")))) -> A
A3: =ROW()-1 -> 2 | B3: AI Laboratories | C3: 0.25 | D3: =SUMIF(LAB!$D$2:$D$98,B3, LAB!$G$2:$G$98) -> 599.2 | E3: =COUNTIF(LAB!$D$2:$D$98,B3) -> 6 | F3: =IF(E3>0,D3/E3,0) -> 99.866667 | G3: =C3*F3 -> 24.966667 | H3: =IF(F3>=90,"A",IF(F3>=80,"B",IF(F3>=70,"C",IF(F3>=60,"D","F")))) -> A
A4: =ROW()-1 -> 3 | B4: Term Project MidTerm | C4: 0.2 | D4: =SUMIF(LAB!$D$2:$D$98,B4, LAB!$G$2:$G$98) -> 100 | E4: =COUNTIF(LAB!$D$2:$D$98,B4) -> 1 | F4: =IF(E4>0,D4/E4,0) -> 100 | G4: =C4*F4 -> 20 | H4: =IF(F4>=90,"A",IF(F4>=80,"B",IF(F4>=70,"C",IF(F4>=60,"D","F")))) -> A
A5: =ROW()-1 -> 4 | B5: Individual Portfolio | C5: 0.1 | D5: =SUMIF(LAB!$D$2:$D$98,B5, LAB!$G$2:$G$98) -> 100 | E5: =COUNTIF(LAB!$D$2:$D$98,B5) -> 1 | F5: =IF(E5>0,D5/E5,0) -> 100 | G5: =C5*F5 -> 10 | H5: =IF(F5>=90,"A",IF(F5>=80,"B",IF(F5>=70,"C",IF(F5>=60,"D","F")))) -> A
A6: =ROW()-1 -> 5 | B6: Final Project | C6: 0.3 | D6: =SUMIF(LAB!$D$2:$D$98,B6, LAB!$G$2:$G$98) -> 100 | E6: =COUNTIF(LAB!$D$2:$D$98,B6) -> 1 | F6: =IF(E6>0,D6/E6,0) -> 100 | G6: =C6*F6 -> 30 | H6: =IF(F6>=90,"A",IF(F6>=80,"B",IF(F6>=70,"C",IF(F6>=60,"D","F")))) -> A
A7: =ROW()-1 -> 6 | B7: Bonus | C7: 0.05 | D7: =SUMIF(LAB!$D$2:$D$98,B7, LAB!$G$2:$G$98) -> 200 | E7: =COUNTIF(LAB!$D$2:$D$98,B7) -> 2 | F7: =IF(E7>0,D7/E7,0) -> 100 | G7: =C7*F7 -> 5 | H7: =IF(F7>=90,"A",IF(F7>=80,"B",IF(F7>=70,"C",IF(F7>=60,"D","F")))) -> A
B8: TOTAL | C8: =SUM(C2:C7) -> 1.05 | D8: =SUM(D2:D7) -> 1194.2 | E8: =SUM(E2:E7) -> 12 | F8: =SUM(F2:F7) -> 594.86667 | G8: =SUM(G2:G7) -> 104.21667 | H8: =IF(G8>=90,"A",IF(G8>=80,"B",IF(G8>=70,"C",IF(G8>=60,"D","F")))) -> A
